Question ID,Question Type,Question,Response,OriginalResponse,Star,Categories,Sentiment,Submitted By,Language,Sample ID,Participant ID,All,44+,55+,Africa,Asia,Caribbean,Central America,Central Asia,Eastern Africa,Eastern Asia,Eastern Europe,Europe,Middle Africa,North America,Norther Europe,Northern Africa,Northern America,O1: Arabic,O1: Chinese (China),O1: English,O1: French,O1: Hindi,O1: Portuguese (Portugal),O1: Russian,O1: Spanish,O2: &lt;18,O2: 18-25,O2: 26-35,O2: 36-45,O2: 46-55,O2: 56-65,O2: 65+,O3: Female,O3: Male,O3: Non-binary,O3: Other / prefer not to say,O4: Rural,O4: Suburban,O4: Urban,O5: Equally concerned and excited,O5: More concerned than excited,O5: More excited than concerned,O6: Buddhism,O6: Christianity,O6: Hinduism,O6: I do not identify with any religious group or faith,O6: Islam,O6: Judaism,O6: Other religious group,O6: Sikhism,O7: Afghanistan,O7: Albania,O7: Algeria,O7: Andorra,O7: Angola,O7: Antigua & Deps,O7: Argentina,O7: Armenia,O7: Australia,O7: Austria,O7: Azerbaijan,O7: Bahamas,O7: Bahrain,O7: Bangladesh,O7: Barbados,O7: Belarus,O7: Belgium,O7: Belize,O7: Benin,O7: Bhutan,O7: Bolivia,O7: Bosnia Herzegovina,O7: Botswana,O7: Brazil,O7: Brunei,O7: Bulgaria,O7: Burkina,O7: Burundi,O7: Cambodia,O7: Cameroon,O7: Canada,O7: Cape Verde,O7: Central African Rep,O7: Chad,O7: Chile,O7: China,O7: Colombia,O7: Comoros,O7: Congo,O7: Congo {Democratic Rep},O7: Costa Rica,O7: Croatia,O7: Cuba,O7: Cyprus,O7: Czech Republic,O7: Denmark,O7: Djibouti,O7: Dominica,O7: Dominican Republic,O7: East Timor,O7: Ecuador,O7: Egypt,O7: El Salvador,O7: Equatorial Guinea,O7: Eritrea,O7: Estonia,O7: Ethiopia,O7: Fiji,O7: Finland,O7: France,O7: Gabon,O7: Gambia,O7: Georgia,O7: Germany,O7: Ghana,O7: Greece,O7: Grenada,O7: Guatemala,O7: Guinea,O7: Guinea-Bissau,O7: Guyana,O7: Haiti,O7: Honduras,O7: Hungary,O7: Iceland,O7: India,O7: Indonesia,O7: Iran,O7: Iraq,O7: Ireland {Republic},O7: Israel,O7: Italy,O7: Ivory Coast,O7: Jamaica,O7: Japan,O7: Jordan,O7: Kazakhstan,O7: Kenya,O7: Kiribati,O7: Korea North,O7: Korea South,O7: Kosovo,O7: Kuwait,O7: Kyrgyzstan,O7: Laos,O7: Latvia,O7: Lebanon,O7: Lesotho,O7: Liberia,O7: Libya,O7: Liechtenstein,O7: Lithuania,O7: Luxembourg,O7: Macedonia,O7: Madagascar,O7: Malawi,O7: Malaysia,O7: Maldives,O7: Mali,O7: Malta,O7: Marshall Islands,O7: Mauritania,O7: Mauritius,O7: Mexico,O7: Micronesia,O7: Moldova,O7: Monaco,O7: Mongolia,O7: Montenegro,O7: Morocco,O7: Mozambique,"O7: Myanmar, {Burma}",O7: Namibia,O7: Nauru,O7: Nepal,O7: Netherlands,O7: New Zealand,O7: Nicaragua,O7: Niger,O7: Nigeria,O7: Norway,O7: Oman,O7: Pakistan,O7: Palau,O7: Palestine,O7: Panama,O7: Papua New Guinea,O7: Paraguay,O7: Peru,O7: Philippines,O7: Poland,O7: Portugal,O7: Qatar,O7: Romania,O7: Russian Federation,O7: Rwanda,O7: Saint Vincent & the Grenadines,O7: Samoa,O7: San Marino,O7: Sao Tome & Principe,O7: Saudi Arabia,O7: Senegal,O7: Serbia,O7: Seychelles,O7: Sierra Leone,O7: Singapore,O7: Slovakia,O7: Slovenia,O7: Solomon Islands,O7: Somalia,O7: South Africa,O7: South Sudan,O7: Spain,O7: Sri Lanka,O7: St Kitts & Nevis,O7: St Lucia,O7: Sudan,O7: Suriname,O7: Swaziland,O7: Sweden,O7: Switzerland,O7: Syria,O7: Taiwan,O7: Tajikistan,O7: Tanzania,O7: Thailand,O7: Togo,O7: Tonga,O7: Trinidad & Tobago,O7: Tunisia,O7: Turkmenistan,O7: Tuvalu,O7: Türkiye,O7: Uganda,O7: Ukraine,O7: United Arab Emirates,O7: United Kingdom,O7: United States,O7: Uruguay,O7: Uzbekistan,O7: Vanuatu,O7: Vatican City,O7: Venezuela,O7: Vietnam,O7: Yemen,O7: Zambia,O7: Zimbabwe,Oceania,South America,South Eastern Asia,Souther Asia,Southern Africa,Southern Europe,Western Africa,Western Asia,Western Europe,response_text,original_response_text,question_text,question_id,participant_id,language,agreement_all,response_row_id,agreement_all_numeric,semantic_centrality,pc1,pc2,pc3,pc4,pc5
b665aaae-d02c-44f9-be26-70544d7beabe,Ask Opinion,Please explain whether you agree or disagree and why.,"I agree. If a user explicitly consents, AI should be able to respond to messages on their behalf","I agree. If a user explicitly consents, AI should be able to respond to messages on their behalf",,,Neutral,"Africa, Eastern Africa, O1: English, O2: 26-35, O3: Female, O4: Suburban, O5: Equally concerned and excited, O6: Christianity, O7: Kenya",English,,14a20de4-89c4-440b-aa64-450fe3af689f,68.0,69%,81%,70%,68%,50%,69%,60%,73%,57%,58%,60%, - ,76%,59%,58%,78%,56%,54%,71%,67%,100%,63%,50%,57%, - ,67%,69%,64%,64%,85%,71%,64%,73%,29%,14%,63%,71%,67%,68%,53%,73%,52%,74%,73%,60%,70%,58%,65%,75%, - , - ,33%, - , - , - ,100%,0%,67%,100%, - , - , - ,75%, - , - ,100%, - , - , - , - , - , - ,66%, - , - , - , - , - , - ,67%, - , - , - ,65%,51%, - , - , - , - , - ,100%,0%, - , - ,100%, - , - , - , - , - ,67%, - , - , - , - , - , - ,67%,67%, - , - , - ,82%, - ,100%, - , - , - , - , - , - , - ,75%,100%,70%,83%, - , - ,100%,56%,56%, - , - ,67%, - ,60%,74%, - , - ,80%, - , - , - , - , - , - , - , - ,0%, - , - , - , - , - ,50%,77%, - , - , - , - , - , - ,69%, - , - , - , - , - ,75%, - , - , - , - , - ,20%,50%, - , - , - ,0%, - ,70%, - ,0%, - , - , - , - ,87%,83%,50%, - ,0%,11%, - ,100%, - , - , - ,100%, - , - , - , - ,75%,78%, - , - , - ,75%, - ,36%, - , - , - ,0%, - , - ,33%,50%, - , - , - , - , - , - , - , - ,0%, - , - ,56%, - ,100%,50%,57%,84%, - , - , - , - , - ,70%, - , - ,0%,64%,66%,80%,70%,75%,50%, - ,57%,69%,"I agree. If a user explicitly consents, AI should be able to respond to messages on their behalf","I agree. If a user explicitly consents, AI should be able to respond to messages on their behalf",Please explain whether you agree or disagree and why.,b665aaae-d02c-44f9-be26-70544d7beabe,14a20de4-89c4-440b-aa64-450fe3af689f,English,68.0,13379,68.0,0.48378563,0.038245168,-0.4176663,0.07870286,-0.060437616,0.1195999
b665aaae-d02c-44f9-be26-70544d7beabe,Ask Opinion,Please explain whether you agree or disagree and why.,If the person has give consent then I agree that AI should be allowed to respond to messages,If the person has give consent then I agree that AI should be allowed to respond to messages,,,Neutral,"44+, 55+, Europe, Norther Europe, O1: English, O2: 56-65, O3: Male, O4: Suburban, O5: Equally concerned and excited, O6: Christianity, O7: Ireland {Republic}",English,,1bc1d307-4def-4914-bc0f-5ce49ce2bc4a,68.0,67%,78%,70%,68%,50%,69%,60%,72%,57%,61%,61%, - ,77%,59%,58%,80%,56%,58%,71%,67%,100%,58%,50%,56%, - ,69%,70%,64%,63%,80%,71%,64%,73%,29%,14%,63%,71%,68%,68%,54%,73%,52%,73%,73%,61%,71%,58%,65%,75%, - , - ,33%, - , - , - ,100%,0%,67%,100%, - , - , - ,75%, - , - ,100%, - , - , - , - , - , - ,62%, - , - , - , - , - , - ,71%, - , - , - ,62%,51%, - , - , - , - , - ,100%,0%, - , - ,100%, - , - , - , - , - ,67%, - , - , - , - , - , - ,67%,67%, - , - , - ,82%, - ,100%, - , - , - , - , - , - , - ,100%,100%,70%,83%, - , - ,100%,56%,67%, - , - ,67%, - ,60%,73%, - , - ,80%, - , - , - , - , - , - , - , - ,0%, - , - , - , - , - ,50%,77%, - , - , - , - , - , - ,69%, - , - , - , - , - ,75%, - , - , - , - , - ,20%,50%, - , - , - ,0%, - ,70%, - ,0%, - , - , - , - ,93%,83%,50%, - ,0%,11%, - ,100%, - , - , - ,100%, - , - , - , - ,88%,78%, - , - , - ,75%, - ,36%, - , - , - ,0%, - , - ,33%,50%, - , - , - , - , - , - , - , - ,0%, - , - ,56%, - ,100%,50%,57%,84%, - , - , - , - , - ,70%, - , - ,100%,64%,63%,83%,70%,75%,54%, - ,57%,69%,If the person has give consent then I agree that AI should be allowed to respond to messages,If the person has give consent then I agree that AI should be allowed to respond to messages,Please explain whether you agree or disagree and why.,b665aaae-d02c-44f9-be26-70544d7beabe,1bc1d307-4def-4914-bc0f-5ce49ce2bc4a,English,68.0,13355,68.0,0.48148492,-0.015629366,-0.3782363,-0.004798821,0.010388836,0.14569163
b665aaae-d02c-44f9-be26-70544d7beabe,Ask Opinion,Please explain whether you agree or disagree and why.,I agree but the AI needs to have consent from the user.,I agree but the AI needs to have consent from the user.,,,Neutral,"Eastern Europe, Europe, O1: English, O2: 36-45, O3: Male, O4: Urban, O5: Equally concerned and excited, O6: I do not identify with any religious group or faith, O7: Slovakia",English,,658b9894-b08b-44c2-abb7-3cd4988870fa,66.0,70%,85%,69%,67%,50%,56%,60%,71%,53%,55%,56%, - ,71%,56%,58%,74%,56%,51%,69%,67%,100%,63%,54%,54%, - ,65%,68%,61%,65%,90%,71%,61%,71%,29%,29%,57%,70%,66%,66%,50%,71%,55%,70%,70%,57%,72%,63%,65%,75%, - , - ,33%, - , - , - ,100%,0%,67%,100%, - , - , - ,75%, - , - ,100%, - , - , - , - , - , - ,66%, - , - , - , - , - , - ,58%, - , - , - ,62%,46%, - , - , - , - , - ,100%,0%, - , - ,100%, - , - , - , - , - ,67%, - , - , - , - , - , - ,67%,75%, - , - , - ,55%, - ,100%, - , - , - , - , - , - , - ,75%,100%,69%,81%, - , - ,100%,59%,56%, - , - ,61%, - ,60%,72%, - , - ,80%, - , - , - , - , - , - , - , - ,0%, - , - , - , - , - ,50%,77%, - , - , - , - , - , - ,56%, - , - , - , - , - ,75%, - , - , - , - , - ,20%,50%, - , - , - ,0%, - ,74%, - ,0%, - , - , - , - ,87%,67%,50%, - ,0%,22%, - ,100%, - , - , - ,100%, - , - , - , - ,75%,67%, - , - , - ,75%, - ,36%, - , - , - ,0%, - , - ,33%,50%, - , - , - , - , - , - , - , - ,0%, - , - ,67%, - ,100%,50%,52%,82%, - , - , - , - , - ,70%, - , - ,0%,64%,64%,79%,70%,75%,50%, - ,61%,63%,I agree but the AI needs to have consent from the user.,I agree but the AI needs to have consent from the user.,Please explain whether you agree or disagree and why.,b665aaae-d02c-44f9-be26-70544d7beabe,658b9894-b08b-44c2-abb7-3cd4988870fa,English,66.0,13483,66.0,0.47371873,0.09208289,-0.4580168,0.1116294,0.17095068,0.00472333
b665aaae-d02c-44f9-be26-70544d7beabe,Ask Opinion,Please explain whether you agree or disagree and why.,"If you have user consent, I think it's okay for the AI to respond to messages.","If you have user consent, I think it's okay for the AI to respond to messages.",,,Neutral,"Asia, Eastern Asia, O1: English, O2: 18-25, O3: Male, O4: Urban, O5: More excited than concerned, O6: I do not identify with any religious group or faith, O7: Japan",English,,d942e573-b4d7-4ae7-a6f3-7fea333ed621,65.0,70%,85%,66%,66%,50%,56%,60%,68%,53%,55%,57%, - ,71%,56%,58%,74%,56%,52%,68%,67%,80%,63%,54%,54%, - ,64%,67%,60%,65%,90%,71%,61%,70%,29%,29%,56%,69%,65%,65%,50%,70%,55%,69%,67%,57%,71%,63%,65%,75%, - , - ,33%, - , - , - ,100%,0%,67%,100%, - , - , - ,75%, - , - ,100%, - , - , - , - , - , - ,66%, - , - , - , - , - , - ,58%, - , - , - ,62%,46%, - , - , - , - , - ,100%,0%, - , - ,100%, - , - , - , - , - ,67%, - , - , - , - , - , - ,67%,75%, - , - , - ,55%, - ,100%, - , - , - , - , - , - , - ,75%,100%,67%,78%, - , - ,100%,59%,56%, - , - ,61%, - ,60%,69%, - , - ,80%, - , - , - , - , - , - , - , - ,0%, - , - , - , - , - ,50%,77%, - , - , - , - , - , - ,56%, - , - , - , - , - ,75%, - , - , - , - , - ,40%,50%, - , - , - ,0%, - ,70%, - ,0%, - , - , - , - ,87%,67%,50%, - ,0%,22%, - ,100%, - , - , - ,100%, - , - , - , - ,75%,67%, - , - , - ,75%, - ,36%, - , - , - ,0%, - , - ,33%,50%, - , - , - , - , - , - , - , - ,0%, - , - ,67%, - ,100%,50%,52%,82%, - , - , - , - , - ,70%, - , - ,0%,64%,64%,78%,68%,75%,50%, - ,61%,66%,"If you have user consent, I think it's okay for the AI to respond to messages.","If you have user consent, I think it's okay for the AI to respond to messages.",Please explain whether you agree or disagree and why.,b665aaae-d02c-44f9-be26-70544d7beabe,d942e573-b4d7-4ae7-a6f3-7fea333ed621,English,65.0,13508,65.0,0.4734612,0.100372165,-0.35331053,0.23421457,-0.087840416,0.1984929
b665aaae-d02c-44f9-be26-70544d7beabe,Ask Opinion,Please explain whether you agree or disagree and why.,"If the user gives clear consent, AI should be allowed to respond to messages. This can save time and improve efficiency. However, users must have control over settings and review messages if needed. Transparency and customization ensure a safe and reliable experience.","If the user gives clear consent, AI should be allowed to respond to messages. This can save time and improve efficiency. However, users must have control over settings and review messages if needed. Transparency and customization ensure a safe and reliable experience.",,,Neutral,"44+, Asia, O1: English, O2: 46-55, O3: Male, O4: Suburban, O5: Equally concerned and excited, O6: Islam, O7: Türkiye, Western Asia",English,,8e263116-83ea-46d9-9f49-199db49c79cd,69.0,68%,81%,71%,69%,100%,69%,60%,73%,57%,61%,62%, - ,77%,62%,58%,78%,56%,58%,72%,67%,80%,58%,50%,59%, - ,70%,70%,64%,63%,80%,86%,65%,73%,29%,14%,62%,72%,68%,69%,53%,73%,52%,75%,72%,62%,70%,58%,65%,75%, - , - ,33%, - , - , - ,100%,0%,67%,100%, - , - , - ,75%, - , - ,100%, - , - , - , - , - , - ,62%, - , - , - , - , - , - ,67%, - , - , - ,65%,51%, - , - , - , - , - ,100%,100%, - , - ,100%, - , - , - , - , - ,67%, - , - , - , - , - , - ,67%,67%, - , - , - ,82%, - ,100%, - , - , - , - , - , - , - ,75%,100%,70%,83%, - , - ,100%,52%,67%, - , - ,67%, - ,60%,74%, - , - ,80%, - , - , - , - , - , - , - , - ,0%, - , - , - , - , - ,50%,77%, - , - , - , - , - , - ,69%, - , - , - , - , - ,75%, - , - , - , - , - ,20%,50%, - , - , - ,0%, - ,70%, - ,0%, - , - , - , - ,100%,83%,50%, - ,0%,22%, - ,100%, - , - , - ,100%, - , - , - , - ,88%,78%, - , - , - ,88%, - ,36%, - , - , - ,0%, - , - ,33%,50%, - , - , - , - , - , - , - , - ,0%, - , - ,56%, - ,100%,50%,61%,84%, - , - , - , - , - ,80%, - , - ,100%,64%,64%,85%,70%,88%,54%, - ,55%,69%,"If the user gives clear consent, AI should be allowed to respond to messages. This can save time and improve efficiency. However, users must have control over settings and review messages if needed. Transparency and customization ensure a safe and reliable experience.","If the user gives clear consent, AI should be allowed to respond to messages. This can save time and improve efficiency. However, users must have control over settings and review messages if needed. Transparency and customization ensure a safe and reliable experience.",Please explain whether you agree or disagree and why.,b665aaae-d02c-44f9-be26-70544d7beabe,8e263116-83ea-46d9-9f49-199db49c79cd,English,69.0,13331,69.0,0.4688088,-0.04865837,-0.401056,0.09221493,-0.13596803,-0.017502675
b665aaae-d02c-44f9-be26-70544d7beabe,Ask Opinion,Please explain whether you agree or disagree and why.,"I agree because user consent ensures control over AI interactions, and AI can help manage communication efficiently. This can be useful for handling routine messages, scheduling, and responding quickly, saving time and effort. However, users should have the option to review or override AI-generated responses to maintain personal authenticity and avoid miscommunication.

","I agree because user consent ensures control over AI interactions, and AI can help manage communication efficiently. This can be useful for handling routine messages, scheduling, and responding quickly, saving time and effort. However, users should have the option to review or override AI-generated responses to maintain personal authenticity and avoid miscommunication.

",,,Neutral,"44+, 55+, North America, Northern America, O1: English, O2: 65+, O3: Male, O4: Urban, O5: Equally concerned and excited, O6: Christianity, O7: United States",English,,c12db7cd-2727-47d2-be42-fc53b0604b98,68.0,69%,81%,69%,68%,50%,69%,60%,71%,58%,65%,62%, - ,76%,59%,58%,78%,56%,57%,71%,67%,100%,63%,50%,57%, - ,68%,69%,64%,64%,85%,71%,64%,74%,29%,14%,62%,71%,68%,68%,53%,73%,52%,73%,73%,62%,71%,58%,65%,75%, - , - ,33%, - , - , - ,100%,0%,67%,100%, - , - , - ,75%, - , - ,100%, - , - , - , - , - , - ,66%, - , - , - , - , - , - ,67%, - , - , - ,65%,52%, - , - , - , - , - ,100%,0%, - , - ,100%, - , - , - , - , - ,67%, - , - , - , - , - , - ,67%,67%, - , - , - ,82%, - ,100%, - , - , - , - , - , - , - ,100%,100%,70%,83%, - , - ,100%,56%,67%, - , - ,67%, - ,60%,72%, - , - ,80%, - , - , - , - , - , - , - , - ,0%, - , - , - , - , - ,50%,77%, - , - , - , - , - , - ,69%, - , - , - , - , - ,75%, - , - , - , - , - ,20%,50%, - , - , - ,0%, - ,70%, - ,0%, - , - , - , - ,87%,83%,50%, - ,0%,22%, - ,100%, - , - , - ,100%, - , - , - , - ,75%,78%, - , - , - ,75%, - ,36%, - , - , - ,0%, - , - ,33%,50%, - , - , - , - , - , - , - , - ,0%, - , - ,56%, - ,100%,50%,57%,84%, - , - , - , - , - ,70%, - , - ,100%,64%,66%,80%,70%,75%,54%, - ,57%,69%,"I agree because user consent ensures control over AI interactions, and AI can help manage communication efficiently. This can be useful for handling routine messages, scheduling, and responding quickly, saving time and effort. However, users should have the option to review or override AI-generated responses to maintain personal authenticity and avoid miscommunication.","I agree because user consent ensures control over AI interactions, and AI can help manage communication efficiently. This can be useful for handling routine messages, scheduling, and responding quickly, saving time and effort. However, users should have the option to review or override AI-generated responses to maintain personal authenticity and avoid miscommunication.",Please explain whether you agree or disagree and why.,b665aaae-d02c-44f9-be26-70544d7beabe,c12db7cd-2727-47d2-be42-fc53b0604b98,English,68.0,13356,68.0,0.4683846,-0.10742834,-0.3572531,0.17552006,-0.046583477,-0.05208078
b665aaae-d02c-44f9-be26-70544d7beabe,Ask Opinion,Please explain whether you agree or disagree and why.,"I think it's okay if they has consent from the user. But , AI can make mistakes so Human should review it before sending the message.","I think it's okay if they has consent from the user. But , AI can make mistakes so Human should review it before sending the message.",,,Neutral,"Asia, O1: English, O2: 18-25, O3: Female, O4: Urban, O5: Equally concerned and excited, O6: Hinduism, O7: India, Souther Asia",English,,7eaa1b13-50a8-4111-a171-0c0c4451be00,68.0,69%,78%,70%,69%,50%,69%,67%,74%,57%,65%,63%, - ,77%,65%,52%,80%,50%,59%,72%,67%,100%,58%,54%,54%, - ,68%,71%,64%,65%,80%,71%,63%,74%,29%,14%,63%,72%,68%,68%,53%,73%,52%,75%,72%,62%,69%,58%,70%,75%, - , - ,33%, - , - , - ,100%,0%,67%,100%, - , - , - ,75%, - , - ,67%, - , - , - , - , - , - ,59%, - , - , - , - , - , - ,67%, - , - , - ,59%,51%, - , - , - , - , - ,100%,0%, - , - ,100%, - , - , - , - , - ,58%, - , - , - , - , - , - ,67%,67%, - , - , - ,82%, - ,100%, - , - , - , - , - , - , - ,100%,100%,70%,83%, - , - ,100%,56%,67%, - , - ,67%, - ,67%,75%, - , - ,80%, - , - , - , - , - , - , - , - ,0%, - , - , - , - , - ,50%,77%, - , - , - , - , - , - ,69%, - , - , - , - , - ,67%, - , - , - , - , - ,20%,50%, - , - , - ,0%, - ,70%, - ,0%, - , - , - , - ,100%,83%,50%, - ,0%,22%, - ,100%, - , - , - ,100%, - , - , - , - ,75%,78%, - , - , - ,75%, - ,36%, - , - , - ,0%, - , - ,33%,50%, - , - , - , - , - , - , - , - ,0%, - , - ,56%, - ,100%,50%,65%,86%, - , - , - , - , - ,80%, - , - ,100%,64%,60%,84%,70%,75%,54%, - ,57%,66%,"I think it's okay if they has consent from the user. But , AI can make mistakes so Human should review it before sending the message.","I think it's okay if they has consent from the user. But , AI can make mistakes so Human should review it before sending the message.",Please explain whether you agree or disagree and why.,b665aaae-d02c-44f9-be26-70544d7beabe,7eaa1b13-50a8-4111-a171-0c0c4451be00,English,68.0,13337,68.0,0.46831477,-0.019352699,-0.38949803,0.019742329,-0.12674053,0.066346556
b665aaae-d02c-44f9-be26-70544d7beabe,Ask Opinion,Please explain whether you agree or disagree and why.,Agree only because the AI has their user consent ,Agree only because the AI has their user consent ,,,Neutral,"Asia, O1: English, O2: 18-25, O3: Female, O4: Suburban, O5: Equally concerned and excited, O6: Islam, O7: Indonesia, South Eastern Asia",English,,8ef953cc-1c59-4cf7-92a4-d546250acd18,63.0,69%,85%,64%,63%,50%,56%,60%,65%,51%,55%,55%, - ,70%,53%,58%,73%,56%,50%,66%,67%,60%,63%,54%,52%, - ,62%,64%,59%,64%,90%,71%,59%,68%,29%,29%,56%,66%,63%,63%,48%,68%,52%,67%,64%,55%,69%,68%,60%,75%, - , - ,33%, - , - , - ,100%,0%,67%,100%, - , - , - ,56%, - , - ,100%, - , - , - , - , - , - ,66%, - , - , - , - , - , - ,58%, - , - , - ,59%,43%, - , - , - , - , - ,100%,0%, - , - ,100%, - , - , - , - , - ,67%, - , - , - , - , - , - ,67%,75%, - , - , - ,45%, - ,100%, - , - , - , - , - , - , - ,75%,100%,65%,78%, - , - ,100%,63%,44%, - , - ,61%, - ,60%,66%, - , - ,80%, - , - , - , - , - , - , - , - ,0%, - , - , - , - , - ,50%,77%, - , - , - , - , - , - ,56%, - , - , - , - , - ,75%, - , - , - , - , - ,40%,50%, - , - , - ,0%, - ,70%, - ,0%, - , - , - , - ,87%,67%,50%, - ,0%,22%, - ,100%, - , - , - ,100%, - , - , - , - ,63%,67%, - , - , - ,75%, - ,36%, - , - , - ,0%, - , - ,33%,50%, - , - , - , - , - , - , - , - ,0%, - , - ,67%, - ,100%,50%,48%,80%, - , - , - , - , - ,50%, - , - ,0%,64%,63%,74%,65%,75%,46%, - ,64%,63%,Agree only because the AI has their user consent,Agree only because the AI has their user consent,Please explain whether you agree or disagree and why.,b665aaae-d02c-44f9-be26-70544d7beabe,8ef953cc-1c59-4cf7-92a4-d546250acd18,English,63.0,13574,63.0,0.46272844,0.11843752,-0.441768,0.04858375,0.21973076,0.058567062
b665aaae-d02c-44f9-be26-70544d7beabe,Ask Opinion,Please explain whether you agree or disagree and why.,consent can be given but AI cannot judge correctly what message to be given. So it should be with user only.,consent can be given but AI cannot judge correctly what message to be given. So it should be with user only.,,,Neutral,"44+, Asia, O1: English, O2: 46-55, O3: Female, O4: Urban, O5: Equally concerned and excited, O6: I do not identify with any religious group or faith, O7: India, Souther Asia",English,,a680a183-bab9-426e-95b6-6e32872ccaa7,70.0,71%,81%,72%,71%,100%,69%,67%,76%,61%,65%,65%, - ,78%,65%,58%,80%,61%,61%,74%,67%,60%,63%,54%,61%, - ,72%,72%,64%,68%,85%,71%,67%,74%,29%,43%,62%,74%,70%,71%,57%,74%,58%,76%,74%,63%,71%,58%,70%,75%, - , - ,33%, - , - , - ,100%,0%,67%,100%, - , - , - ,69%, - , - ,100%, - , - , - , - , - , - ,66%, - , - , - , - , - , - ,67%, - , - , - ,62%,55%, - , - , - , - , - ,100%,100%, - , - ,100%, - , - , - , - , - ,67%, - , - , - , - , - , - ,67%,67%, - , - , - ,82%, - ,100%, - , - , - , - , - , - , - ,100%,100%,74%,89%, - , - ,100%,52%,67%, - , - ,72%, - ,67%,76%, - , - ,80%, - , - , - , - , - , - , - , - ,0%, - , - , - , - , - ,67%,77%, - , - , - , - , - , - ,69%, - , - , - , - , - ,75%, - , - , - , - , - ,40%,50%, - , - , - ,0%, - ,74%, - ,0%, - , - , - , - ,100%,83%,50%, - ,0%,22%, - ,100%, - , - , - ,75%, - , - , - , - ,63%,78%, - , - , - ,63%, - ,45%, - , - , - ,0%, - , - ,33%,50%, - , - , - , - , - , - , - , - ,0%, - , - ,56%, - ,100%,50%,65%,86%, - , - , - , - , - ,70%, - , - ,100%,64%,64%,84%,74%,63%,58%, - ,52%,71%,consent can be given but AI cannot judge correctly what message to be given. So it should be with user only.,consent can be given but AI cannot judge correctly what message to be given. So it should be with user only.,Please explain whether you agree or disagree and why.,b665aaae-d02c-44f9-be26-70544d7beabe,a680a183-bab9-426e-95b6-6e32872ccaa7,English,70.0,13278,70.0,0.4620462,0.042481896,-0.44036016,-0.15232033,-0.066992715,0.082431175
b665aaae-d02c-44f9-be26-70544d7beabe,Ask Opinion,Please explain whether you agree or disagree and why.,Agree. As long as the AI has consent and confirmation before sending it from the user.,Agree. As long as the AI has consent and confirmation before sending it from the user.,,,Neutral,"44+, 55+, Asia, Eastern Asia, O1: English, O2: 56-65, O3: Male, O4: Rural, O5: Equally concerned and excited, O6: I do not identify with any religious group or faith, O7: Japan",English,,585f073b-4450-421f-8b3e-41ab31b252af,66.0,71%,85%,69%,67%,50%,56%,60%,71%,53%,58%,57%, - ,73%,56%,58%,77%,56%,51%,70%,67%,100%,63%,54%,54%, - ,65%,68%,61%,67%,90%,71%,62%,72%,29%,29%,57%,71%,66%,67%,51%,71%,55%,71%,70%,57%,72%,63%,65%,75%, - , - ,33%, - , - , - ,100%,0%,67%,100%, - , - , - ,75%, - , - ,100%, - , - , - , - , - , - ,66%, - , - , - , - , - , - ,63%, - , - , - ,62%,46%, - , - , - , - , - ,100%,0%, - , - ,100%, - , - , - , - , - ,67%, - , - , - , - , - , - ,67%,75%, - , - , - ,55%, - ,100%, - , - , - , - , - , - , - ,100%,100%,69%,81%, - , - ,100%,59%,56%, - , - ,61%, - ,60%,72%, - , - ,80%, - , - , - , - , - , - , - , - ,0%, - , - , - , - , - ,50%,77%, - , - , - , - , - , - ,56%, - , - , - , - , - ,75%, - , - , - , - , - ,20%,50%, - , - , - ,0%, - ,74%, - ,0%, - , - , - , - ,87%,67%,50%, - ,0%,22%, - ,100%, - , - , - ,100%, - , - , - , - ,75%,67%, - , - , - ,75%, - ,36%, - , - , - ,0%, - , - ,33%,50%, - , - , - , - , - , - , - , - ,0%, - , - ,67%, - ,100%,50%,52%,84%, - , - , - , - , - ,70%, - , - ,0%,64%,64%,79%,70%,75%,50%, - ,61%,63%,Agree. As long as the AI has consent and confirmation before sending it from the user.,Agree. As long as the AI has consent and confirmation before sending it from the user.,Please explain whether you agree or disagree and why.,b665aaae-d02c-44f9-be26-70544d7beabe,585f073b-4450-421f-8b3e-41ab31b252af,English,66.0,13467,66.0,0.46154013,0.018366152,-0.39832625,0.1884151,0.09581237,0.053172532
b665aaae-d02c-44f9-be26-70544d7beabe,Ask Opinion,Please explain whether you agree or disagree and why.,"Agree. Since consent is there, AI can operate in what a consenting human allow","Agree. Since consent is there, AI can operate in what a consenting human allow",,,Neutral,"Asia, O1: English, O2: 36-45, O3: Male, O4: Urban, O5: More excited than concerned, O6: Islam, O7: Saudi Arabia, Western Asia",English,,c9ceb986-915e-4e26-80c8-6bb3c509326e,64.0,70%,85%,66%,65%,50%,56%,60%,67%,53%,55%,56%, - ,70%,53%,58%,73%,56%,52%,67%,67%,80%,63%,54%,52%, - ,63%,66%,59%,65%,90%,71%,60%,69%,29%,29%,56%,67%,64%,64%,49%,69%,55%,68%,64%,56%,70%,63%,65%,75%, - , - ,33%, - , - , - ,100%,0%,67%,100%, - , - , - ,63%, - , - ,100%, - , - , - , - , - , - ,66%, - , - , - , - , - , - ,58%, - , - , - ,59%,46%, - , - , - , - , - ,100%,0%, - , - ,100%, - , - , - , - , - ,67%, - , - , - , - , - , - ,67%,75%, - , - , - ,55%, - ,100%, - , - , - , - , - , - , - ,75%,100%,65%,78%, - , - ,100%,59%,56%, - , - ,61%, - ,60%,69%, - , - ,80%, - , - , - , - , - , - , - , - ,0%, - , - , - , - , - ,50%,77%, - , - , - , - , - , - ,56%, - , - , - , - , - ,75%, - , - , - , - , - ,40%,50%, - , - , - ,0%, - ,70%, - ,0%, - , - , - , - ,87%,67%,50%, - ,0%,22%, - ,100%, - , - , - ,100%, - , - , - , - ,75%,67%, - , - , - ,75%, - ,36%, - , - , - ,0%, - , - ,33%,50%, - , - , - , - , - , - , - , - ,0%, - , - ,67%, - ,100%,50%,48%,80%, - , - , - , - , - ,70%, - , - ,0%,64%,63%,78%,65%,75%,50%, - ,61%,66%,"Agree. Since consent is there, AI can operate in what a consenting human allow","Agree. Since consent is there, AI can operate in what a consenting human allow",Please explain whether you agree or disagree and why.,b665aaae-d02c-44f9-be26-70544d7beabe,c9ceb986-915e-4e26-80c8-6bb3c509326e,English,64.0,13533,64.0,0.46104586,0.05992801,-0.37191212,-0.0004549383,0.31893975,-0.033942685
b665aaae-d02c-44f9-be26-70544d7beabe,Ask Opinion,Please explain whether you agree or disagree and why.,I agree as long as the the AI agents has consent from the user,I agree as long as the the AI agents has consent from the user,,,Neutral,"Africa, Eastern Africa, O1: English, O2: 18-25, O3: Female, O4: Urban, O5: Equally concerned and excited, O6: Christianity, O7: Kenya",English,,51eb2779-6e9a-412f-afad-2d1d2518d53e,62.0,69%,85%,63%,63%,50%,56%,60%,63%,49%,55%,54%, - ,67%,53%,58%,70%,56%,49%,65%,58%,60%,58%,54%,52%, - ,61%,63%,57%,63%,90%,71%,58%,67%,29%,29%,55%,65%,62%,61%,48%,68%,52%,65%,64%,54%,69%,68%,60%,50%, - , - ,33%, - , - , - ,100%,0%,67%,100%, - , - , - ,56%, - , - ,100%, - , - , - , - , - , - ,66%, - , - , - , - , - , - ,58%, - , - , - ,59%,42%, - , - , - , - , - ,100%,0%, - , - ,100%, - , - , - , - , - ,67%, - , - , - , - , - , - ,67%,67%, - , - , - ,45%, - ,100%, - , - , - , - , - , - , - ,75%,100%,64%,81%, - , - ,100%,63%,44%, - , - ,61%, - ,60%,64%, - , - ,80%, - , - , - , - , - , - , - , - ,0%, - , - , - , - , - ,50%,77%, - , - , - , - , - , - ,56%, - , - , - , - , - ,75%, - , - , - , - , - ,40%,50%, - , - , - ,0%, - ,70%, - ,0%, - , - , - , - ,87%,67%,50%, - ,0%,22%, - ,100%, - , - , - ,100%, - , - , - , - ,50%,67%, - , - , - ,75%, - ,36%, - , - , - ,0%, - , - ,33%,50%, - , - , - , - , - , - , - , - ,0%, - , - ,67%, - ,100%,50%,48%,76%, - , - , - , - , - ,50%, - , - ,0%,64%,63%,74%,64%,75%,46%, - ,64%,60%,I agree as long as the the AI agents has consent from the user,I agree as long as the the AI agents has consent from the user,Please explain whether you agree or disagree and why.,b665aaae-d02c-44f9-be26-70544d7beabe,51eb2779-6e9a-412f-afad-2d1d2518d53e,English,62.0,13628,62.0,0.4601313,-0.014607587,-0.41578248,0.25254342,0.20566283,0.06821004
b665aaae-d02c-44f9-be26-70544d7beabe,Ask Opinion,Please explain whether you agree or disagree and why.,yes when a user has given consent Ai agent can respond,yes when a user has given consent Ai agent can respond,,,Neutral,"Asia, O1: English, O2: 26-35, O3: Male, O4: Urban, O5: Equally concerned and excited, O6: Hinduism, O7: India, Souther Asia",English,,6cb3023a-22c4-49ab-9c09-e8eb1a92a604,66.0,71%,85%,69%,67%,50%,56%,60%,71%,53%,55%,56%, - ,73%,56%,58%,77%,56%,51%,70%,67%,100%,63%,54%,54%, - ,65%,68%,61%,67%,90%,71%,62%,71%,29%,29%,57%,71%,66%,67%,50%,71%,55%,71%,70%,57%,72%,63%,65%,75%, - , - ,33%, - , - , - ,100%,0%,67%,100%, - , - , - ,75%, - , - ,100%, - , - , - , - , - , - ,66%, - , - , - , - , - , - ,63%, - , - , - ,62%,46%, - , - , - , - , - ,100%,0%, - , - ,100%, - , - , - , - , - ,67%, - , - , - , - , - , - ,67%,75%, - , - , - ,55%, - ,100%, - , - , - , - , - , - , - ,75%,100%,69%,81%, - , - ,100%,59%,56%, - , - ,61%, - ,60%,72%, - , - ,80%, - , - , - , - , - , - , - , - ,0%, - , - , - , - , - ,50%,77%, - , - , - , - , - , - ,56%, - , - , - , - , - ,75%, - , - , - , - , - ,20%,50%, - , - , - ,0%, - ,74%, - ,0%, - , - , - , - ,87%,67%,50%, - ,0%,22%, - ,100%, - , - , - ,100%, - , - , - , - ,75%,67%, - , - , - ,75%, - ,36%, - , - , - ,0%, - , - ,33%,50%, - , - , - , - , - , - , - , - ,0%, - , - ,67%, - ,100%,50%,52%,84%, - , - , - , - , - ,70%, - , - ,0%,64%,64%,79%,70%,75%,50%, - ,61%,63%,yes when a user has given consent Ai agent can respond,yes when a user has given consent Ai agent can respond,Please explain whether you agree or disagree and why.,b665aaae-d02c-44f9-be26-70544d7beabe,6cb3023a-22c4-49ab-9c09-e8eb1a92a604,English,66.0,13469,66.0,0.45821673,0.11799213,-0.4640498,0.04478626,0.06844172,0.04401497
b665aaae-d02c-44f9-be26-70544d7beabe,Ask Opinion,Please explain whether you agree or disagree and why.,I agree. As long as the AI agent has consent from the user.,I agree. As long as the AI agent has consent from the user.,,,Neutral,"Asia, Eastern Asia, O1: English, O2: 26-35, O3: Female, O4: Urban, O5: Equally concerned and excited, O6: I do not identify with any religious group or faith, O7: Korea South",English,,623460f2-62c5-4ff6-bd55-8ee7c817a709,62.0,69%,85%,63%,63%,50%,56%,60%,63%,49%,55%,54%, - ,68%,53%,58%,72%,56%,49%,65%,58%,60%,58%,54%,52%, - ,61%,63%,57%,63%,90%,71%,58%,67%,29%,29%,55%,65%,62%,61%,48%,69%,52%,66%,64%,54%,69%,68%,60%,50%, - , - ,33%, - , - , - ,100%,0%,67%,100%, - , - , - ,56%, - , - ,100%, - , - , - , - , - , - ,66%, - , - , - , - , - , - ,58%, - , - , - ,59%,42%, - , - , - , - , - ,100%,0%, - , - ,100%, - , - , - , - , - ,67%, - , - , - , - , - , - ,67%,67%, - , - , - ,45%, - ,100%, - , - , - , - , - , - , - ,75%,100%,64%,81%, - , - ,100%,63%,44%, - , - ,61%, - ,60%,64%, - , - ,80%, - , - , - , - , - , - , - , - ,0%, - , - , - , - , - ,50%,77%, - , - , - , - , - , - ,56%, - , - , - , - , - ,75%, - , - , - , - , - ,40%,50%, - , - , - ,0%, - ,70%, - ,0%, - , - , - , - ,87%,67%,50%, - ,0%,22%, - ,100%, - , - , - ,100%, - , - , - , - ,50%,67%, - , - , - ,75%, - ,36%, - , - , - ,0%, - , - ,33%,50%, - , - , - , - , - , - , - , - ,0%, - , - ,67%, - ,100%,50%,48%,78%, - , - , - , - , - ,50%, - , - ,0%,64%,63%,74%,64%,75%,46%, - ,64%,60%,I agree. As long as the AI agent has consent from the user.,I agree. As long as the AI agent has consent from the user.,Please explain whether you agree or disagree and why.,b665aaae-d02c-44f9-be26-70544d7beabe,623460f2-62c5-4ff6-bd55-8ee7c817a709,English,62.0,13619,62.0,0.4563481,-0.04130419,-0.4003095,0.25838202,0.2295406,0.053096376
b665aaae-d02c-44f9-be26-70544d7beabe,Ask Opinion,Please explain whether you agree or disagree and why.,If user is consent then AI can do it's work ,If user is consent then AI can do it's work ,,,Neutral,"Asia, O1: English, O2: 26-35, O3: Female, O4: Suburban, O5: Equally concerned and excited, O6: Buddhism, O7: India, Souther Asia",English,,e23cfc5e-350f-4c26-982f-12473c714548,66.0,71%,85%,69%,67%,50%,56%,60%,71%,54%,55%,56%, - ,73%,56%,58%,77%,56%,52%,70%,67%,100%,63%,54%,54%, - ,65%,68%,62%,67%,90%,71%,62%,71%,29%,29%,57%,71%,66%,67%,50%,71%,55%,71%,70%,57%,72%,63%,65%,75%, - , - ,33%, - , - , - ,100%,0%,67%,100%, - , - , - ,75%, - , - ,100%, - , - , - , - , - , - ,66%, - , - , - , - , - , - ,63%, - , - , - ,62%,48%, - , - , - , - , - ,100%,0%, - , - ,100%, - , - , - , - , - ,67%, - , - , - , - , - , - ,67%,75%, - , - , - ,55%, - ,100%, - , - , - , - , - , - , - ,75%,100%,69%,83%, - , - ,100%,59%,56%, - , - ,61%, - ,60%,72%, - , - ,80%, - , - , - , - , - , - , - , - ,0%, - , - , - , - , - ,50%,77%, - , - , - , - , - , - ,56%, - , - , - , - , - ,75%, - , - , - , - , - ,20%,50%, - , - , - ,0%, - ,74%, - ,0%, - , - , - , - ,87%,67%,50%, - ,0%,22%, - ,100%, - , - , - ,100%, - , - , - , - ,75%,67%, - , - , - ,75%, - ,36%, - , - , - ,0%, - , - ,33%,50%, - , - , - , - , - , - , - , - ,0%, - , - ,67%, - ,100%,50%,52%,84%, - , - , - , - , - ,70%, - , - ,0%,64%,64%,80%,70%,75%,50%, - ,61%,63%,If user is consent then AI can do it's work,If user is consent then AI can do it's work,Please explain whether you agree or disagree and why.,b665aaae-d02c-44f9-be26-70544d7beabe,e23cfc5e-350f-4c26-982f-12473c714548,English,66.0,13462,66.0,0.45480293,0.11918446,-0.51399976,0.042705245,0.07031029,-0.012564702
b665aaae-d02c-44f9-be26-70544d7beabe,Ask Opinion,Please explain whether you agree or disagree and why.,kinda agree but also disagree to some extent as the other end is not transparent to the fact of this arrangement between AI and  the consented user,kinda agree but also disagree to some extent as the other end is not transparent to the fact of this arrangement between AI and  the consented user,,,Negative,"Asia, O1: English, O2: 36-45, O3: Male, O4: Urban, O5: Equally concerned and excited, O6: I do not identify with any religious group or faith, O7: India, Souther Asia",English,,f67a85af-c8fc-47a8-b672-79b44116fdba,68.0,67%,81%,70%,68%,100%,69%,60%,73%,57%,65%,62%, - ,78%,62%,58%,80%,61%,58%,71%,67%,80%,58%,50%,61%, - ,70%,70%,64%,62%,80%,86%,65%,73%,29%,14%,62%,71%,68%,68%,55%,73%,52%,74%,72%,62%,70%,58%,70%,75%, - , - ,33%, - , - , - ,100%,0%,67%,100%, - , - , - ,75%, - , - ,67%, - , - , - , - , - , - ,62%, - , - , - , - , - , - ,67%, - , - , - ,65%,51%, - , - , - , - , - ,100%,100%, - , - ,100%, - , - , - , - , - ,67%, - , - , - , - , - , - ,67%,67%, - , - , - ,73%, - ,100%, - , - , - , - , - , - , - ,100%,100%,70%,83%, - , - ,100%,52%,67%, - , - ,67%, - ,60%,74%, - , - ,80%, - , - , - , - , - , - , - , - ,0%, - , - , - , - , - ,50%,77%, - , - , - , - , - , - ,69%, - , - , - , - , - ,75%, - , - , - , - , - ,20%,50%, - , - , - ,0%, - ,65%, - ,0%, - , - , - , - ,100%,83%,50%, - ,0%,22%, - ,100%, - , - , - ,100%, - , - , - , - ,88%,78%, - , - , - ,75%, - ,45%, - , - , - ,0%, - , - ,33%,50%, - , - , - , - , - , - , - , - ,0%, - , - ,56%, - ,100%,50%,61%,86%, - , - , - , - , - ,70%, - , - ,100%,64%,64%,84%,70%,75%,58%, - ,55%,63%,kinda agree but also disagree to some extent as the other end is not transparent to the fact of this arrangement between AI and the consented user,kinda agree but also disagree to some extent as the other end is not transparent to the fact of this arrangement between AI and the consented user,Please explain whether you agree or disagree and why.,b665aaae-d02c-44f9-be26-70544d7beabe,f67a85af-c8fc-47a8-b672-79b44116fdba,English,68.0,13338,68.0,0.45333293,-0.045124404,-0.33069456,-0.052717216,0.13769893,0.05651812
b665aaae-d02c-44f9-be26-70544d7beabe,Ask Opinion,Please explain whether you agree or disagree and why.,"If an individual consent to something, AI can be used ","If an individual consent to something, AI can be used ",,,Neutral,"Asia, O1: English, O2: 36-45, O3: Male, O4: Rural, O5: More concerned than excited, O6: Islam, O7: Pakistan, Souther Asia",English,,3d57f07d-3dc4-4cd5-a9e7-055c0c60cae5,69.0,70%,81%,70%,68%,50%,69%,60%,73%,57%,68%,65%, - ,77%,65%,55%,80%,56%,58%,72%,67%,100%,63%,54%,59%, - ,70%,70%,64%,67%,85%,71%,65%,74%,29%,14%,63%,73%,68%,68%,53%,75%,55%,75%,71%,62%,70%,63%,70%,75%, - , - ,33%, - , - , - ,100%,0%,67%,100%, - , - , - ,75%, - , - ,100%, - , - , - , - , - , - ,66%, - , - , - , - , - , - ,67%, - , - , - ,68%,51%, - , - , - , - , - ,100%,0%, - , - ,100%, - , - , - , - , - ,58%, - , - , - , - , - , - ,67%,67%, - , - , - ,82%, - ,100%, - , - , - , - , - , - , - ,100%,100%,70%,83%, - , - ,100%,59%,67%, - , - ,67%, - ,60%,74%, - , - ,80%, - , - , - , - , - , - , - , - ,0%, - , - , - , - , - ,50%,77%, - , - , - , - , - , - ,69%, - , - , - , - , - ,75%, - , - , - , - , - ,20%,50%, - , - , - ,0%, - ,65%, - ,0%, - , - , - , - ,100%,83%,50%, - ,0%,33%, - ,100%, - , - , - ,100%, - , - , - , - ,63%,78%, - , - , - ,75%, - ,36%, - , - , - ,0%, - , - ,33%,50%, - , - , - , - , - , - , - , - ,0%, - , - ,67%, - ,100%,50%,65%,86%, - , - , - , - , - ,70%, - , - ,100%,64%,67%,82%,70%,75%,54%, - ,61%,69%,"If an individual consent to something, AI can be used","If an individual consent to something, AI can be used",Please explain whether you agree or disagree and why.,b665aaae-d02c-44f9-be26-70544d7beabe,3d57f07d-3dc4-4cd5-a9e7-055c0c60cae5,English,69.0,13322,69.0,0.45300233,-0.025634827,-0.42970222,-0.03080003,0.21219969,-0.123901755
b665aaae-d02c-44f9-be26-70544d7beabe,Ask Opinion,Please explain whether you agree or disagree and why.,"I don't agree. Although consent is necessary, permitting AI agents to reply to messages on the user's behalf might result in misunderstandings, absence of personal touch, and misuse of information. Users would lose control over their personal interactions, and the risk of unintended responses or privacy breaches could be high.
","I don't agree. Although consent is necessary, permitting AI agents to reply to messages on the user's behalf might result in misunderstandings, absence of personal touch, and misuse of information. Users would lose control over their personal interactions, and the risk of unintended responses or privacy breaches could be high.
",,,Negative,"Asia, O1: English, O2: 26-35, O3: Female, O4: Urban, O5: More excited than concerned, O6: Hinduism, O7: India, Souther Asia",English,,8c8fcd2b-2dac-407b-b992-ed787742802b,68.0,65%,70%,62%,66%,100%,81%,73%,61%,66%,74%,73%, - ,79%,68%,67%,78%,61%,70%,67%,83%,60%,63%,69%,80%, - ,71%,65%,71%,63%,70%,71%,70%,66%,57%,57%,65%,67%,69%,68%,64%,69%,68%,68%,61%,71%,64%,74%,85%,100%, - , - ,67%, - , - , - ,100%,100%,78%,0%, - , - , - ,63%, - , - ,33%, - , - , - , - , - , - ,62%, - , - , - , - , - , - ,63%, - , - , - ,81%,72%, - , - , - , - , - ,100%,100%, - , - ,100%, - , - , - , - , - ,67%, - , - , - , - , - , - ,67%,75%, - , - , - ,91%, - ,100%, - , - , - , - , - , - , - ,75%,0%,69%,69%, - , - ,100%,63%,89%, - , - ,61%, - ,73%,61%, - , - ,40%, - , - , - , - , - , - , - , - ,100%, - , - , - , - , - ,67%,46%, - , - , - , - , - , - ,81%, - , - , - , - , - ,75%, - , - , - , - , - ,80%,50%, - , - , - ,0%, - ,61%, - ,0%, - , - , - , - ,73%,50%,100%, - ,100%,78%, - ,100%, - , - , - ,25%, - , - , - , - ,50%,89%, - , - , - ,63%, - ,64%, - , - , - ,0%, - , - ,33%,50%, - , - , - , - , - , - , - , - ,0%, - , - ,44%, - ,50%,100%,74%,86%, - , - , - , - , - ,60%, - , - ,100%,73%,73%,63%,68%,63%,79%, - ,57%,71%,"I don't agree. Although consent is necessary, permitting AI agents to reply to messages on the user's behalf might result in misunderstandings, absence of personal touch, and misuse of information. Users would lose control over their personal interactions, and the risk of unintended responses or privacy breaches could be high.","I don't agree. Although consent is necessary, permitting AI agents to reply to messages on the user's behalf might result in misunderstandings, absence of personal touch, and misuse of information. Users would lose control over their personal interactions, and the risk of unintended responses or privacy breaches could be high.",Please explain whether you agree or disagree and why.,b665aaae-d02c-44f9-be26-70544d7beabe,8c8fcd2b-2dac-407b-b992-ed787742802b,English,68.0,13366,68.0,0.4525736,-0.1549661,-0.39124435,-0.1965201,-0.062992506,-0.04076819
b665aaae-d02c-44f9-be26-70544d7beabe,Ask Opinion,Please explain whether you agree or disagree and why.,"As long as the consent is there and the user doesnt mind. I dont see an issue. HOWEVER, the recipient should also be made aware that the response they get might be from an AI agent","As long as the consent is there and the user doesnt mind. I dont see an issue. HOWEVER, the recipient should also be made aware that the response they get might be from an AI agent",,,Neutral,"Asia, O1: English, O2: 18-25, O3: Male, O4: Urban, O5: Equally concerned and excited, O6: Islam, O7: Pakistan, Souther Asia",English,,02fcc43c-7e05-4644-b6f0-80f48fa8a034,68.0,69%,78%,68%,69%,50%,69%,67%,71%,57%,65%,60%, - ,77%,59%,52%,80%,50%,57%,71%,67%,80%,58%,54%,54%, - ,67%,69%,65%,65%,80%,71%,63%,73%,29%,14%,61%,71%,68%,68%,54%,72%,52%,74%,72%,60%,69%,58%,65%,75%, - , - ,33%, - , - , - ,100%,0%,67%,100%, - , - , - ,75%, - , - ,67%, - , - , - , - , - , - ,62%, - , - , - , - , - , - ,71%, - , - , - ,59%,51%, - , - , - , - , - ,100%,0%, - , - ,100%, - , - , - , - , - ,58%, - , - , - , - , - , - ,67%,67%, - , - , - ,82%, - ,100%, - , - , - , - , - , - , - ,100%,100%,70%,83%, - , - ,100%,56%,56%, - , - ,67%, - ,67%,73%, - , - ,80%, - , - , - , - , - , - , - , - ,0%, - , - , - , - , - ,50%,77%, - , - , - , - , - , - ,69%, - , - , - , - , - ,67%, - , - , - , - , - ,20%,50%, - , - , - ,0%, - ,70%, - ,0%, - , - , - , - ,100%,83%,50%, - ,0%,22%, - ,100%, - , - , - ,100%, - , - , - , - ,75%,78%, - , - , - ,75%, - ,36%, - , - , - ,0%, - , - ,33%,50%, - , - , - , - , - , - , - , - ,0%, - , - ,56%, - ,100%,50%,57%,84%, - , - , - , - , - ,80%, - , - ,0%,64%,61%,84%,70%,75%,50%, - ,57%,66%,"As long as the consent is there and the user doesnt mind. I dont see an issue. HOWEVER, the recipient should also be made aware that the response they get might be from an AI agent","As long as the consent is there and the user doesnt mind. I dont see an issue. HOWEVER, the recipient should also be made aware that the response they get might be from an AI agent",Please explain whether you agree or disagree and why.,b665aaae-d02c-44f9-be26-70544d7beabe,02fcc43c-7e05-4644-b6f0-80f48fa8a034,English,68.0,13386,68.0,0.45201838,0.08652666,-0.46015278,-0.05984171,-0.08263826,-0.0064189043
b665aaae-d02c-44f9-be26-70544d7beabe,Ask Opinion,Please explain whether you agree or disagree and why.,"the users gave their consent,they should not complain when something goes wrong or the AI messes up","the users gave their consent,they should not complain when something goes wrong or the AI messes up",,,Negative,"Africa, Northern Africa, O1: English, O2: 18-25, O3: Female, O4: Suburban, O5: Equally concerned and excited, O6: Islam, O7: Morocco",English,,1c7e2011-0d5a-45ad-a2f2-c13ac059fb99,67.0,69%,81%,69%,67%,50%,69%,60%,71%,55%,58%,58%, - ,76%,56%,55%,78%,50%,51%,70%,67%,100%,63%,50%,57%, - ,65%,69%,63%,65%,85%,71%,63%,72%,29%,14%,62%,70%,66%,67%,52%,71%,52%,72%,70%,59%,70%,58%,65%,75%, - , - ,33%, - , - , - ,100%,0%,67%,100%, - , - , - ,75%, - , - ,100%, - , - , - , - , - , - ,66%, - , - , - , - , - , - ,67%, - , - , - ,65%,48%, - , - , - , - , - ,100%,0%, - , - ,100%, - , - , - , - , - ,67%, - , - , - , - , - , - ,67%,67%, - , - , - ,73%, - ,100%, - , - , - , - , - , - , - ,75%,100%,68%,83%, - , - ,100%,56%,56%, - , - ,67%, - ,60%,73%, - , - ,80%, - , - , - , - , - , - , - , - ,0%, - , - , - , - , - ,50%,77%, - , - , - , - , - , - ,69%, - , - , - , - , - ,67%, - , - , - , - , - ,20%,50%, - , - , - ,0%, - ,70%, - ,0%, - , - , - , - ,87%,83%,50%, - ,0%,11%, - ,100%, - , - , - ,100%, - , - , - , - ,75%,78%, - , - , - ,75%, - ,36%, - , - , - ,0%, - , - ,33%,50%, - , - , - , - , - , - , - , - ,0%, - , - ,56%, - ,100%,50%,52%,84%, - , - , - , - , - ,70%, - , - ,0%,64%,66%,80%,69%,75%,50%, - ,57%,66%,"the users gave their consent,they should not complain when something goes wrong or the AI messes up","the users gave their consent,they should not complain when something goes wrong or the AI messes up",Please explain whether you agree or disagree and why.,b665aaae-d02c-44f9-be26-70544d7beabe,1c7e2011-0d5a-45ad-a2f2-c13ac059fb99,English,67.0,13445,67.0,0.45025635,0.15006348,-0.4125911,-0.009305792,0.011642594,0.03323216
b665aaae-d02c-44f9-be26-70544d7beabe,Ask Opinion,Please explain whether you agree or disagree and why.,This is good as AI has consent.,This is good as AI has consent.,,,Positive,"Africa, Eastern Africa, O1: English, O2: 18-25, O3: Male, O4: Suburban, O5: Equally concerned and excited, O6: Islam, O7: Kenya",English,,36853845-506a-4568-b24e-08a40e3483f4,62.0,69%,85%,63%,63%,50%,56%,60%,64%,48%,55%,54%, - ,67%,53%,58%,70%,56%,49%,65%,58%,60%,58%,54%,52%, - ,61%,63%,57%,63%,90%,71%,58%,67%,29%,29%,55%,65%,62%,61%,48%,68%,52%,66%,64%,54%,69%,68%,60%,50%, - , - ,33%, - , - , - ,100%,0%,67%,100%, - , - , - ,56%, - , - ,100%, - , - , - , - , - , - ,66%, - , - , - , - , - , - ,58%, - , - , - ,59%,42%, - , - , - , - , - ,100%,0%, - , - ,100%, - , - , - , - , - ,67%, - , - , - , - , - , - ,67%,67%, - , - , - ,45%, - ,100%, - , - , - , - , - , - , - ,75%,100%,64%,81%, - , - ,100%,63%,44%, - , - ,56%, - ,60%,65%, - , - ,80%, - , - , - , - , - , - , - , - ,0%, - , - , - , - , - ,50%,77%, - , - , - , - , - , - ,56%, - , - , - , - , - ,75%, - , - , - , - , - ,40%,50%, - , - , - ,0%, - ,70%, - ,0%, - , - , - , - ,87%,67%,50%, - ,0%,22%, - ,100%, - , - , - ,100%, - , - , - , - ,63%,67%, - , - , - ,75%, - ,36%, - , - , - ,0%, - , - ,33%,50%, - , - , - , - , - , - , - , - ,0%, - , - ,67%, - ,100%,50%,48%,76%, - , - , - , - , - ,50%, - , - ,0%,64%,63%,76%,64%,75%,46%, - ,64%,60%,This is good as AI has consent.,This is good as AI has consent.,Please explain whether you agree or disagree and why.,b665aaae-d02c-44f9-be26-70544d7beabe,36853845-506a-4568-b24e-08a40e3483f4,English,62.0,13615,62.0,0.44995388,0.021106843,-0.33063528,0.2769721,0.25063732,0.02317829
b665aaae-d02c-44f9-be26-70544d7beabe,Ask Opinion,Please explain whether you agree or disagree and why.,I agree because I think that as long as the user has given their consent there is no problem. If the user's consent is informed and they know the pros and cons of letting an AI agent answer for them then I don't see any problems.,Je suis d'accord car je pense que dans la mesure où l'utilisateur a donné son consentement il n'y a pas de problème. Si le consentement de l'utilisateur est éclairé et qu'il connait les avantages et les inconvénients de laisser un agent IA répondre à sa place alors je ne vois pas de problèmes. ,,,Neutral,"Europe, O1: French, O2: 26-35, O3: Male, O4: Urban, O5: More excited than concerned, O6: Christianity, O7: France, Western Europe",French,,2af9b8f5-3d31-46a7-9db6-f0acbb2c9f7f,62.0,69%,85%,63%,63%,50%,56%,60%,64%,48%,55%,54%, - ,67%,53%,58%,70%,56%,49%,65%,58%,60%,58%,54%,52%, - ,61%,63%,57%,63%,90%,71%,58%,67%,29%,29%,55%,65%,62%,61%,48%,68%,52%,66%,64%,54%,69%,68%,60%,50%, - , - ,33%, - , - , - ,100%,0%,67%,100%, - , - , - ,56%, - , - ,100%, - , - , - , - , - , - ,66%, - , - , - , - , - , - ,58%, - , - , - ,59%,42%, - , - , - , - , - ,100%,0%, - , - ,100%, - , - , - , - , - ,67%, - , - , - , - , - , - ,67%,67%, - , - , - ,45%, - ,100%, - , - , - , - , - , - , - ,75%,100%,64%,81%, - , - ,100%,63%,44%, - , - ,56%, - ,60%,65%, - , - ,80%, - , - , - , - , - , - , - , - ,0%, - , - , - , - , - ,50%,77%, - , - , - , - , - , - ,56%, - , - , - , - , - ,75%, - , - , - , - , - ,40%,50%, - , - , - ,0%, - ,70%, - ,0%, - , - , - , - ,87%,67%,50%, - ,0%,22%, - ,100%, - , - , - ,100%, - , - , - , - ,50%,67%, - , - , - ,75%, - ,36%, - , - , - ,0%, - , - ,33%,50%, - , - , - , - , - , - , - , - ,0%, - , - ,67%, - ,100%,50%,48%,76%, - , - , - , - , - ,50%, - , - ,0%,64%,63%,74%,64%,75%,46%, - ,64%,60%,I agree because I think that as long as the user has given their consent there is no problem. If the user's consent is informed and they know the pros and cons of letting an AI agent answer for them then I don't see any problems.,Je suis d'accord car je pense que dans la mesure où l'utilisateur a donné son consentement il n'y a pas de problème. Si le consentement de l'utilisateur est éclairé et qu'il connait les avantages et les inconvénients de laisser un agent IA répondre à sa place alors je ne vois pas de problèmes.,Please explain whether you agree or disagree and why.,b665aaae-d02c-44f9-be26-70544d7beabe,2af9b8f5-3d31-46a7-9db6-f0acbb2c9f7f,French,62.0,13626,62.0,0.4491298,0.20042768,-0.39253557,0.21032245,0.06246664,0.18240613
b665aaae-d02c-44f9-be26-70544d7beabe,Ask Opinion,Please explain whether you agree or disagree and why.,"I agree with AI agents responding to messages on behalf of the user is reasonable if the user provides explicit consent and sets clear boundaries. This can save time, improve efficiency, and handle routine communications effectively.","I agree with AI agents responding to messages on behalf of the user is reasonable if the user provides explicit consent and sets clear boundaries. This can save time, improve efficiency, and handle routine communications effectively.",,,Neutral,"North America, Northern America, O1: English, O2: 18-25, O3: Male, O4: Urban, O5: More excited than concerned, O6: Christianity, O7: United States",English,,3df2d42a-dde1-4fec-b780-2e8032b0c6a2,66.0,70%,85%,68%,67%,50%,56%,60%,70%,54%,58%,58%, - ,74%,56%,58%,78%,56%,52%,70%,67%,100%,63%,54%,54%, - ,66%,68%,62%,65%,90%,71%,63%,71%,29%,29%,58%,70%,66%,67%,52%,71%,58%,71%,70%,57%,72%,58%,65%,75%, - , - ,33%, - , - , - ,100%,0%,67%,100%, - , - , - ,75%, - , - ,100%, - , - , - , - , - , - ,66%, - , - , - , - , - , - ,67%, - , - , - ,62%,46%, - , - , - , - , - ,100%,0%, - , - ,100%, - , - , - , - , - ,67%, - , - , - , - , - , - ,67%,75%, - , - , - ,64%, - ,100%, - , - , - , - , - , - , - ,100%,100%,69%,83%, - , - ,100%,56%,56%, - , - ,67%, - ,60%,71%, - , - ,80%, - , - , - , - , - , - , - , - ,0%, - , - , - , - , - ,50%,77%, - , - , - , - , - , - ,56%, - , - , - , - , - ,75%, - , - , - , - , - ,20%,50%, - , - , - ,0%, - ,74%, - ,0%, - , - , - , - ,87%,67%,50%, - ,0%,22%, - ,100%, - , - , - ,100%, - , - , - , - ,75%,67%, - , - , - ,75%, - ,36%, - , - , - ,0%, - , - ,33%,50%, - , - , - , - , - , - , - , - ,0%, - , - ,67%, - ,100%,50%,52%,84%, - , - , - , - , - ,70%, - , - ,0%,64%,64%,80%,70%,75%,50%, - ,59%,66%,"I agree with AI agents responding to messages on behalf of the user is reasonable if the user provides explicit consent and sets clear boundaries. This can save time, improve efficiency, and handle routine communications effectively.","I agree with AI agents responding to messages on behalf of the user is reasonable if the user provides explicit consent and sets clear boundaries. This can save time, improve efficiency, and handle routine communications effectively.",Please explain whether you agree or disagree and why.,b665aaae-d02c-44f9-be26-70544d7beabe,3df2d42a-dde1-4fec-b780-2e8032b0c6a2,English,66.0,13457,66.0,0.44860166,-0.115341745,-0.32139304,0.3272548,-0.053123683,0.060609214
b665aaae-d02c-44f9-be26-70544d7beabe,Ask Opinion,Please explain whether you agree or disagree and why.,Because the AI has got consent from the user. That's a command then. AI should do it. ,Because the AI has got consent from the user. That's a command then. AI should do it. ,,,Neutral,"Asia, O1: English, O2: 26-35, O3: Female, O4: Urban, O5: More excited than concerned, O6: Hinduism, O7: India, Souther Asia",English,,1e206e6a-56f6-41ac-83d1-bdf87477748e,63.0,70%,85%,65%,64%,50%,56%,60%,67%,51%,55%,55%, - ,70%,53%,58%,73%,56%,50%,67%,58%,80%,63%,54%,52%, - ,62%,65%,58%,65%,90%,71%,59%,69%,29%,29%,55%,67%,63%,63%,48%,69%,52%,68%,65%,55%,70%,63%,60%,75%, - , - ,33%, - , - , - ,100%,0%,67%,100%, - , - , - ,63%, - , - ,100%, - , - , - , - , - , - ,66%, - , - , - , - , - , - ,58%, - , - , - ,59%,43%, - , - , - , - , - ,100%,0%, - , - ,100%, - , - , - , - , - ,67%, - , - , - , - , - , - ,67%,67%, - , - , - ,45%, - ,100%, - , - , - , - , - , - , - ,75%,100%,66%,78%, - , - ,100%,59%,56%, - , - ,61%, - ,60%,68%, - , - ,80%, - , - , - , - , - , - , - , - ,0%, - , - , - , - , - ,50%,77%, - , - , - , - , - , - ,56%, - , - , - , - , - ,75%, - , - , - , - , - ,40%,50%, - , - , - ,0%, - ,70%, - ,0%, - , - , - , - ,87%,67%,50%, - ,0%,22%, - ,100%, - , - , - ,100%, - , - , - , - ,75%,67%, - , - , - ,75%, - ,36%, - , - , - ,0%, - , - ,33%,50%, - , - , - , - , - , - , - , - ,0%, - , - ,67%, - ,100%,50%,48%,80%, - , - , - , - , - ,50%, - , - ,0%,64%,63%,76%,66%,75%,50%, - ,61%,60%,Because the AI has got consent from the user. That's a command then. AI should do it.,Because the AI has got consent from the user. That's a command then. AI should do it.,Please explain whether you agree or disagree and why.,b665aaae-d02c-44f9-be26-70544d7beabe,1e206e6a-56f6-41ac-83d1-bdf87477748e,English,63.0,13555,63.0,0.4480124,-0.059310533,-0.46832603,0.12519363,0.20880067,-0.025163993
b665aaae-d02c-44f9-be26-70544d7beabe,Ask Opinion,Please explain whether you agree or disagree and why.,"I agree. If an AI agent has clear consent from the user, it can help by responding to messages for them. This saves time and makes handling routine communications easier. However, the user must control what the AI does and be transparent about how it responds. This way, users can be confident that their preferences are respected.","I agree. If an AI agent has clear consent from the user, it can help by responding to messages for them. This saves time and makes handling routine communications easier. However, the user must control what the AI does and be transparent about how it responds. This way, users can be confident that their preferences are respected.",,,Neutral,"Asia, O1: English, O2: 18-25, O3: Female, O4: Suburban, O5: Equally concerned and excited, O6: Islam, O7: Bangladesh, Souther Asia",English,,fd28e862-f236-4a16-9afd-3c783bef978e,67.0,69%,81%,69%,67%,50%,63%,60%,71%,54%,65%,60%, - ,75%,56%,58%,78%,56%,51%,71%,67%,100%,63%,54%,56%, - ,66%,69%,63%,65%,85%,71%,63%,72%,29%,14%,61%,70%,67%,67%,53%,71%,55%,72%,70%,59%,72%,58%,65%,75%, - , - ,33%, - , - , - ,100%,0%,67%,100%, - , - , - ,75%, - , - ,100%, - , - , - , - , - , - ,66%, - , - , - , - , - , - ,67%, - , - , - ,65%,46%, - , - , - , - , - ,100%,0%, - , - ,100%, - , - , - , - , - ,67%, - , - , - , - , - , - ,67%,67%, - , - , - ,73%, - ,100%, - , - , - , - , - , - , - ,100%,100%,68%,83%, - , - ,100%,56%,56%, - , - ,67%, - ,60%,73%, - , - ,80%, - , - , - , - , - , - , - , - ,0%, - , - , - , - , - ,50%,77%, - , - , - , - , - , - ,63%, - , - , - , - , - ,75%, - , - , - , - , - ,20%,50%, - , - , - ,0%, - ,70%, - ,0%, - , - , - , - ,87%,83%,50%, - ,0%,22%, - ,100%, - , - , - ,100%, - , - , - , - ,75%,78%, - , - , - ,75%, - ,36%, - , - , - ,0%, - , - ,33%,50%, - , - , - , - , - , - , - , - ,0%, - , - ,67%, - ,100%,50%,52%,84%, - , - , - , - , - ,70%, - , - ,0%,64%,66%,80%,69%,75%,50%, - ,59%,66%,"I agree. If an AI agent has clear consent from the user, it can help by responding to messages for them. This saves time and makes handling routine communications easier. However, the user must control what the AI does and be transparent about how it responds. This way, users can be confident that their preferences are respected.","I agree. If an AI agent has clear consent from the user, it can help by responding to messages for them. This saves time and makes handling routine communications easier. However, the user must control what the AI does and be transparent about how it responds. This way, users can be confident that their preferences are respected.",Please explain whether you agree or disagree and why.,b665aaae-d02c-44f9-be26-70544d7beabe,fd28e862-f236-4a16-9afd-3c783bef978e,English,67.0,13434,67.0,0.44767907,-0.1530354,-0.45843706,0.16816369,0.09162309,-0.05537375
